{
  "version": "v8.3 20240207",
  "date": "1707244811",
  "variants": [
    {
      "name": "treble_arm64_bgN",
      "size": "1794855376",
      "url": "https://github.com/ahnet-69/treble_evo/releases/download/v8.3-20240207/evolution_arm64_bgN-8.3-unofficial-20240207.img.xz"
    },
    {
      "name": "treble_arm64_bgN_slim",
      "size": "1336209972",
      "url": "https://github.com/ahnet-69/treble_evo/releases/download/v8.3-20240207/evolution_arm64_bgN_slim-8.3-unofficial-20240207.img.xz"
    }
  ]
}
